,선행 개월수,KOSPI,KOSDAQ
0,0 개월,0.862172537110527,0.6453914597134821
1,1 개월,0.8370416841561759,0.6679289279383134
2,2 개월,0.811725956054101,0.6721216885626015
3,3 개월,0.7900592202025597,0.6688071732659314
4,4 개월,0.7574682388026057,0.6721933016596096
5,5 개월,0.7254310542586795,0.6722289331329762
6,6 개월,0.6968156598926286,0.6657811037848292
7,7 개월,0.6722652741392375,0.6447731067956688
8,8 개월,0.649927966774855,0.642628727404878
9,9 개월,0.6249335197631773,0.6173101021057557
